date_added,role,experience_level,title,company,location,remote,salary,apply_link,source
2026-06-23 21:56,Full Stack Developer,Not Specified,Full Stack Developer,Anatomy Mapper OpCo,Ohio,False,$40 – $60,https://www.simplyhired.com/job/RSFdiW9yUKUgPHEC55UJ747YyB-xladBYhKKfejBWGMyn22wftCHiw,SimplyHired
2026-06-23 21:56,Full Stack Developer,Not Specified,Remote Full Stack Developer,Niyam It,"Columbus, Ohio",False,,https://us.trabajo.org/job-3137-8897b0fd00a3218f2ed9d849ef221bbc,Trabajo.org
2026-06-23 21:56,Full Stack Developer,Not Specified,"Senior Full Stack Developer: AWS, React & Terraform",Compunnel,"Columbus, Ohio",False,,https://jobs.fox8.com/jobs/senior-full-stack-developer-aws-react-terraform-columbus-ohio/2831584511-2/,FOX8 Jobs
2026-06-23 21:56,Full Stack Developer,Not Specified,Full Stack Developer 1,Ohio Public Employees Retirement System,"Columbus, Ohio",False,"$72,363 – $90,417",https://www.indeed.com/viewjob?jk=10d37b72ed668554,Indeed
2026-06-23 21:56,Full Stack Developer,Not Specified,"Java Full Stack Developer- Columbus, OH (On-site Interview) / Naveen",Ampcus Inc,"Columbus, Ohio",False,,https://www.linkedin.com/jobs/view/java-full-stack-developer-columbus-oh-on-site-interview-naveen-at-ampcus-inc-4429948134,LinkedIn
2026-06-23 21:56,Full Stack Developer,Not Specified,Senior Full-Stack Developer – Hybrid (Remote 3x/Week),OPERS,"Columbus, Ohio",False,"$99,000 – $120,000",https://www.jobleads.com/us/job/senior-full-stack-developer-hybrid-remote-3x-week--columbus--e09ae4a031736f0206b390b2399b9eb40,JobLeads
2026-06-23 21:56,Full Stack Developer,Not Specified,Full Stack Developer,Cryptic Vector,Ohio,False,,https://www.linkedin.com/jobs/view/full-stack-developer-at-cryptic-vector-4416960972,LinkedIn
2026-06-23 21:56,Full Stack Developer,Not Specified,Full Stack Developer,The Christian and Missionary Alliance,"Reynoldsburg, Ohio",False,"$75,500 – $92,400",https://www.indeed.com/viewjob?jk=d2c0f4fa8ab8f030,Indeed
2026-06-23 21:56,Full Stack Developer,Not Specified,Full Stack Developer,Athena Cloud Limited,"Glouster, Ohio",False,,https://www.snagajob.com/jobs/1168610948,Snagajob
2026-06-23 21:56,Full Stack Developer,Not Specified,Full Stack Developer,Crown Packaging,"Kettering, Ohio",False,,https://career.io/job/full-stack-developer-kettering-crown-packaging-76612dda8c77203bf048f7d3e562f718,Career.io
2026-06-23 21:56,Full Stack Developer,Not Specified,Senior Full stack Software Engineer,Booz Allen Hamilton,"Dayton, Ohio",False,,https://www.dice.com/job-detail/e714bf8a-a419-4ce3-88b8-c780ec95a2d0,Dice
2026-06-23 21:56,Full Stack Developer,2+ Years,Mid Full-stack Software Engineer,Booz Allen Hamilton,"Oakwood, Ohio",False,,https://www.adzuna.com/details/5772875200,Adzuna
2026-06-23 21:56,Full Stack Developer,Not Specified,"Senior Software Engineer - Full-Stack, High-Impact State",State of Ohio,"Columbus, Ohio",False,,https://jobs.fox8.com/jobs/senior-software-engineer-full-stack-high-impact-state-columbus-ohio/2831585773-2/,FOX8 Jobs
2026-06-23 21:56,Full Stack Developer,Not Specified,Senior Software Engineer (Full Stack),Healia Health,"Columbus, Ohio",False,,https://www.linkedin.com/jobs/view/senior-software-engineer-full-stack-at-healia-health-4428439114,LinkedIn
2026-06-23 21:56,Full Stack Developer,Not Specified,Remote Java Full-Stack Engineer | Cloud & Microservices,DISCUS Software Company,"Beavercreek, Ohio",False,"$100,000 – $130,000",https://www.jobleads.com/us/job/remote-java-full-stack-engineer-cloud-microservices--beavercreek--ed306412e09150ac9286e3dbae320c11d,JobLeads
2026-06-23 21:56,Full Stack Developer,Not Specified,"Software Engineer, Full-Stack",PPG,"Delaware, Ohio",False,,https://careers.ppg.com/us/en/job/PIIPIIUSJR264432EXTERNALENUS/Software-Engineer-Full-Stack,PPG Careers
2026-06-23 21:56,Full Stack Developer,Not Specified,Full-Stack Engineer POS & Guest Experience (Columbus),Mypiada,"Columbus, Ohio",False,,https://www.whatjobs.com/jobs/full-stack-engineer-pos-guest/columbus?id=2823464278,WhatJobs
2026-06-23 21:56,Full Stack Developer,Not Specified,Lead Software Engineer - Full Stack,"SignalWire, Inc",Ohio,False,"$145,000 – $165,000",https://www.simplyhired.com/job/f4N2_XVpZzPRDJPOeJyIDmo-PZTkaKYMBjy7sAnaalaf_Xo5V8JNkg,SimplyHired
2026-06-23 21:56,Full Stack Developer,Not Specified,Full Stack Developer- React / Next / Node / E-Commerce,Formica Group North America,"Cincinnati, Ohio",False,,https://www.linkedin.com/jobs/view/full-stack-developer-react-next-node-e-commerce-at-formica-group-north-america-4423253927,LinkedIn
2026-06-23 21:56,Full Stack Developer,Not Specified,"Senior Full Stack Java Developer (Java, React/Node.js, AWS)",Purple Drive Technologies LLC,"Cincinnati, Ohio",False,,https://www.dice.com/job-detail/cf4bcfc8-7b19-4ae6-b235-71ea634259eb,Dice
2026-06-23 21:56,Full Stack Developer,Not Specified,Sr. Full Stack Developer,ALTEN,"Cincinnati, Ohio",False,,https://www.linkedin.com/jobs/view/sr-full-stack-developer-at-alten-4410318171,LinkedIn
2026-06-23 21:56,Full Stack Developer,2+ Years,"Remote Full-Stack Developer (Federal Contract, East Coast Hours)","Diversified Services Network, Inc.","Cincinnati, Ohio",False,,https://www.jobleads.com/us/job/remote-full-stack-developer-federal-contract-east-coast-hours--cincinnati--e5149615af3bad5168af297f2120aa5fb,JobLeads
2026-06-23 21:56,Full Stack Developer,Not Specified,Java Full Stack Developer  - US Hybrid,Siemens,"Cincinnati, Ohio",False,,https://jobs.sw.siemens.com/cincinnati-oh/java-full-stack-developer-us-hybrid/012CDFFB4CCA4F8F972E7C3546DF9176/job/,Careers | Siemens Digital Industries Software - Siemens
2026-06-23 21:56,Full Stack Developer,Not Specified,Full Stack Developer Contractor: 6-9 years (Advanced),Artech LLC,"Cincinnati, Ohio",False,,https://www.monster.com/job-openings/full-stack-developer-contractor-6-9-years-advanced-cincinnati-oh--58e48736-72b3-4ec6-b571-53b092dd1810,Monster
2026-06-23 21:56,Full Stack Developer,Not Specified,Full Stack Developer,"Syms Strategic Group, LLC (SSG)","Covington, Kentucky",False,,https://www.linkedin.com/jobs/view/full-stack-developer-at-syms-strategic-group-llc-ssg-4430870044,LinkedIn
2026-06-23 21:56,Full Stack Developer,Not Specified,Full-Stack Developer React/Next for,Formica,"Cincinnati, Ohio",False,,https://www.whatjobs.com/jobs/full-stack-developer-react-next-for/cincinnati-ohio?id=2823805852,WhatJobs
2026-06-23 21:56,Full Stack Developer,Not Specified,Software Engineer III - Java Full Stack Developer,Deloitte,"Cincinnati, Ohio",False,"$113,000 – $189,000",https://www.indeed.com/viewjob?jk=f2600e750f28221a,Indeed
2026-06-23 21:56,Full Stack Developer,Not Specified,Full Stack Developer,Trak Group,"Cincinnati, Ohio",False,,"https://www.ziprecruiter.com/c/trak-group/Job/Full-Stack-Developer/-in-Cincinnati,OH?jid=47509f63449d1b9c",ZipRecruiter
2026-06-23 21:56,Full Stack Developer,Not Specified,Senior Backend & Full-Stack Engineer (Node.js/Java) – Hybrid,EY,"Cincinnati, Ohio",False,"$86,000 – $143,000",https://www.jobleads.com/us/job/senior-backend-full-stack-engineer-node-js-java-hybrid--cincinnati--eadbda7954b3cf1fbec383c399aa98a0f,JobLeads
2026-06-23 21:56,Full Stack Developer,Not Specified,Full Stack Engineer,Deloitte,"Cincinnati, Ohio",False,,https://jobsus.deloitte.com/cincinnati-oh/full-stack-engineer/8F7BB85DF07847DC9ACF4867C2279C68/job/,Jobs - Deloitte
2026-06-23 21:56,Full Stack Developer,Not Specified,Lead Full Stack Engineer,FEG Investment Advisors,"Cincinnati, Ohio",False,,https://www.linkedin.com/jobs/view/lead-full-stack-engineer-at-feg-investment-advisors-4404429716,LinkedIn
2026-06-23 21:56,Full Stack Developer,Not Specified,"Full Stack Engineer, Data Ops & Fintech UI",Luma Financial Technologies,"Cincinnati, Ohio",False,,https://www.whatjobs.com/jobs/full-stack-engineer-data-ops/cincinnati-ohio?id=2826086973,WhatJobs
2026-06-23 21:56,Full Stack Developer,Not Specified,Full Stack Developer Contractor: 6-9 years (Advanced),SGF Global,"Cincinnati, Ohio",False,,https://lensa.com/job-v1/sgf-global/cincinnati-oh/full-stack-developer-contractor/6402bd0297dfc025017d92be806bbffa,Lensa
2026-06-23 21:56,Full Stack Developer,Not Specified,"Senior Full Stack Engineer, Encore Program",Deloitte,"Cincinnati, Ohio",False,,https://jobsus.deloitte.com/cincinnati-oh/senior-full-stack-engineer-encore-program/732594700C3A48E38C99FA7394ED04AC/job/,Jobs - Deloitte
2026-06-23 21:56,Full Stack Developer,Not Specified,"Full Stack Software Engineer, Manufacturing",Applied Optoelectronics Inc,"Cincinnati, Ohio",False,,https://www.monster.com/job-openings/full-stack-software-engineer-manufacturing-cincinnati-oh--087e2a08-9878-4e2a-919c-1b3793596dd8,Monster
2026-06-23 21:56,Full Stack Developer,Entry Level,Developer Full Stack - Mid,NuAxis Innovations,"Washington, District of Columbia",False,,https://www.linkedin.com/jobs/view/developer-full-stack-mid-at-nuaxis-innovations-4432424164,LinkedIn
2026-06-23 21:56,Full Stack Developer,Not Specified,Full Stack Software Developer (SME),"Edgewater Federal Solutions, Inc.","Washington, District of Columbia",False,,https://www.linkedin.com/jobs/view/full-stack-software-developer-sme-at-edgewater-federal-solutions-inc-4432036963,LinkedIn
2026-06-23 21:56,Full Stack Developer,Not Specified,"Full Stack Software Developer, Hybrid Remote (DW26061053C)",GTSC Talent Solutions (a GTSC Company),"Washington, District of Columbia",False,"$135,000 – $165,000",https://www.linkedin.com/jobs/view/full-stack-software-developer-hybrid-remote-dw26061053c-at-gtsc-talent-solutions-a-gtsc-company-4431732993,LinkedIn
2026-06-23 21:56,Full Stack Developer,Not Specified,Full Stack Developer (Golang/Java),"Dev Technology Group, Inc.","Arlington, Virginia",False,,https://www.linkedin.com/jobs/view/full-stack-developer-golang-java-at-dev-technology-group-inc-4432017839,LinkedIn
2026-06-23 21:56,Full Stack Developer,Not Specified,Full Stack Developer (Python),AIG Research Insight Solution Center,"Arlington, Virginia",False,,https://www.usajobs.gov/job/873294700,USAJobs
2026-06-23 21:56,Full Stack Developer,Entry Level,Full Stack Developer,General Dynamics Information Technology,"Bethesda, Maryland",False,,https://www.linkedin.com/jobs/view/full-stack-developer-at-general-dynamics-information-technology-4431380566,LinkedIn
2026-06-23 21:56,Full Stack Developer,Not Specified,Full Stack Developer,Veriti,"Washington, District of Columbia",False,,https://www.indeed.com/viewjob?jk=b5d08ee37eff8a73,Indeed
2026-06-23 21:56,Full Stack Developer,Not Specified,Full Stack Software Engineer,Soft Tech Consulting,"Suitland-Silver Hill, Maryland",False,,https://www.linkedin.com/jobs/view/full-stack-software-engineer-at-soft-tech-consulting-4428962504,LinkedIn
2026-06-23 21:56,Full Stack Developer,Not Specified,Full Stack Developer,Cyber Security Innovations,"Hyattsville, Maryland",False,"$135,000 – $155,000",https://www.indeed.com/viewjob?jk=0f5c4e738bf040d7,Indeed
2026-06-23 21:56,Full Stack Developer,Not Specified,Senior Java Full Stack Developer(10+ Years),Soho Square Solutions,"McLean, Virginia",False,,https://www.linkedin.com/jobs/view/senior-java-full-stack-developer-10%2B-years-at-soho-square-solutions-4431268233,LinkedIn
2026-06-23 21:57,Full Stack Developer,Not Specified,"Software Engineer, Fullstack and Developer Experience",agile six,"Washington, District of Columbia",False,,https://www.linkedin.com/jobs/view/software-engineer-fullstack-and-developer-experience-at-agile-six-4429479031,LinkedIn
2026-06-23 21:57,Full Stack Developer,Entry Level,"Full Stack Engineer with AI, Angular, Azure and .NET | Local to Washington ONLY","Holistic Partners, Inc",,True,,https://www.linkedin.com/jobs/view/full-stack-engineer-with-ai-angular-azure-and-net-local-to-washington-only-at-holistic-partners-inc-4428990071,LinkedIn
2026-06-23 21:57,Full Stack Developer,Not Specified,Full Stack Engineer,"Mayvin, Inc.","Arlington, Virginia",False,,https://www.indeed.com/viewjob?jk=7bc56c43d84ee657,Indeed
2026-06-23 21:57,Full Stack Developer,Not Specified,"Principal Full-Stack Engineer, TS/SCI w/ Full Scope Poly",The MITRE Corporation,,False,,https://careers.mitre.org/us/en/job/R116830/Principal-Full-Stack-Engineer-TS-SCI-w-Full-Scope-Poly,MITRE Careers
2026-06-23 21:57,Full Stack Developer,Not Specified,Lead Full-Stack Developer,System One,"McLean, Virginia",False,,https://www.linkedin.com/jobs/view/lead-full-stack-developer-at-system-one-4431766328,LinkedIn
2026-06-23 21:57,Full Stack Developer,Not Specified,Full Stack Engineer - Forward Deployed Engineer,Marathon TS,"Washington, District of Columbia",False,"$150,000 – $220,000",https://www.indeed.com/viewjob?jk=7dc79a552e3518a3,Indeed
2026-06-23 21:57,Full Stack Developer,Not Specified,Full-Stack Engineer,"Keep Company, Inc.","Bethesda, Maryland",False,,"https://www.ziprecruiter.com/c/Keep/Job/Full-Stack-Engineer/-in-Bethesda,MD?jid=cd19f4d86779542f",ZipRecruiter
2026-06-23 21:57,Software Engineer,Entry Level,Entry Level Software Developer,SkillStorm,"Columbus, Ohio",False,,https://www.linkedin.com/jobs/view/entry-level-software-developer-at-skillstorm-4431768351,LinkedIn
2026-06-23 21:57,Software Engineer,Not Specified,"Staff Software Engineer, Mobile",Harvey,"Cleveland, Ohio",False,,https://salutemyjob.com/jobs/staff-software-engineer-mobile-cleveland-ohio/2834133854-2/,SaluteMyJob
2026-06-23 21:57,Software Engineer,Not Specified,Security Software Data Engineer III,"V-Soft Consulting Group, Inc.",Ohio,False,,https://www.linkedin.com/jobs/view/security-software-data-engineer-iii-at-v-soft-consulting-group-inc-4431283775,LinkedIn
2026-06-23 21:57,Software Engineer,Entry Level,Entry-Level Software Engineer,Metrea,"Cleveland, Ohio",False,,https://salutemyjob.com/jobs/entry-level-software-engineer-cleveland-ohio/2834135249-2/,SaluteMyJob
2026-06-23 21:57,Software Engineer,Entry Level,Junior Software Engineer,KBR,"Beavercreek, Ohio",False,,https://careers.kbr.com/us/en/job/R2122294/Junior-Software-Engineer,Careers At KBR
2026-06-23 21:57,Software Engineer,Not Specified,"Senior Software Engineer, Full Stack",Parabola,"Cleveland, Ohio",False,,https://salutemyjob.com/jobs/senior-software-engineer-full-stack-cleveland-ohio/2834136457-2/,SaluteMyJob
2026-06-23 21:57,Software Engineer,Not Specified,"Senior Software Engineer Drive High-Impact, Agile Delivery",Eight Eleven Group,"Dublin, Ohio",False,,https://jobs.fox8.com/jobs/senior-software-engineer-drive-high-impact-agile-delivery-dublin-ohio/2831585720-2/,FOX8 Jobs
2026-06-23 21:57,Software Engineer,Not Specified,Real-Time Software Engineer,Leidos,"Centerville, Ohio",False,,https://jobs.womenforhire.com/job/usa/dayton-oh/real-time-software-engineer-911773/,Women For Hire- Job Board
2026-06-23 21:57,Software Engineer,Not Specified,Sr. Software Engineer (Remote),The Home Depot,"Cleveland, Ohio",False,,https://salutemyjob.com/jobs/sr.-software-engineer-remote-cleveland-ohio/2834064370-2/,SaluteMyJob
2026-06-23 21:57,Software Engineer,Not Specified,Staff Software Engineer (Planning & Controls),General Motors,"Cleveland, Ohio",False,,https://salutemyjob.com/jobs/staff-software-engineer-planning-controls-cleveland-ohio/2834063189-2/,SaluteMyJob
2026-06-23 21:57,Software Engineer,Not Specified,Software Developer Position,Gururo,"Cleveland, Ohio",False,,https://vacancies.cu-fc.com/jobs/software-developer-position-cleveland-ohio/2834109199-2/,Vacancies For Col U Fans
2026-06-23 21:57,Software Engineer,Not Specified,IT - Software Developer III,Kaav,"Cleveland, Ohio",False,,https://salutemyjob.com/jobs/it-software-developer-iii-cleveland-ohio/2834134747-2/,SaluteMyJob
2026-06-23 21:57,Software Engineer,Not Specified,Pega Senior Software Developer (CSSA),Sky Solutions LLC,"Cleveland, Ohio",False,,https://vacancies.cu-fc.com/jobs/pega-senior-software-developer-cssa-cleveland-ohio/2834109061-2/,Vacancies For Col U Fans
2026-06-23 21:57,Software Engineer,Not Specified,"Software Engineer, API Development Specialist",QBE,"Cleveland, Ohio",False,,https://salutemyjob.com/jobs/software-engineer-api-development-specialist-cleveland-ohio/2834134590-2/,SaluteMyJob
2026-06-23 21:57,Software Engineer,Not Specified,Senior .NET/SharePoint Developer (Software Development Specialist 3),Ohio Department of Medicaid,"Columbus, Ohio",False,,https://www.linkedin.com/jobs/view/senior-net-sharepoint-developer-software-development-specialist-3-at-ohio-department-of-medicaid-4429415527,LinkedIn
2026-06-23 21:57,Software Engineer,Not Specified,Software Developer,STERIS Corporation,"Mentor, Ohio",False,,https://careers.steris.com/pt/pt/job/SCZSCCUS54839EXTERNALPTPT/Software-Developer,STERIS Careers
2026-06-23 21:57,Software Engineer,Not Specified,Software Engineer - One Digital Warehouse,PGBPGNGLOBAL,"Cincinnati, Ohio",False,,https://www.pgcareers.com/global/en/job/R000146287/Software-Engineer-One-Digital-Warehouse,P&G Careers
2026-06-23 21:57,Software Engineer,Not Specified,Lead Software Engineer,"Medpace, Inc.","Cincinnati, Ohio",False,,https://careers.medpace.com/careers/jobs/12288,Medpace Careers
2026-06-23 21:57,Software Engineer,Not Specified,"Software Engineer, Performance & Optimization - US Hybrid OH/MI",Siemens,"Cincinnati, Ohio",False,,https://jobs.sw.siemens.com/cincinnati-oh/software-engineer-performance-optimization-us-hybrid-ohmi/7622D90C536645A5B235D053A0C06D1A/job/,Careers | Siemens Digital Industries Software - Siemens
2026-06-23 21:57,Software Engineer,Not Specified,ITSM Engineer,Encore Technologies,"Cincinnati, Ohio",False,,https://www.linkedin.com/jobs/view/itsm-engineer-at-encore-technologies-4431734844,LinkedIn
2026-06-23 21:57,Software Engineer,Not Specified,Software Engineer II – Portal (Front End),"Worldpay, LLC","Cincinnati, Ohio",False,"$91,900 – $139,000",https://www.indeed.com/viewjob?jk=193857fa3f862b5e,Indeed
2026-06-23 21:57,Software Engineer,Not Specified,Software Engineer,Robert Half,"Cincinnati, Ohio",False,$76 – $88,https://www.roberthalf.com/us/en/job/cincinnati-oh/software-engineer/04951-0013451013-usen,Robert Half
2026-06-23 21:57,Software Engineer,Not Specified,"ServiceNow Software Engineer :: Cincinnati, OH (Onsite)","Javen Technologies, Inc","Cincinnati, Ohio",False,,https://www.dice.com/job-detail/8deb38ed-0dd5-45dd-9a89-2c9deef05fd7,Dice
2026-06-23 21:57,Software Engineer,Not Specified,Software Developer II,Vernovis,"Cincinnati, Ohio",False,,https://www.linkedin.com/jobs/view/software-developer-ii-at-vernovis-4429103983,LinkedIn
2026-06-23 21:57,Software Engineer,Not Specified,Software Development Engineer in Test (SDET),"Medpace, Inc.","Cincinnati, Ohio",False,,https://careers.medpace.com/careers/jobs/12282,Medpace Careers
2026-06-23 21:57,Software Engineer,Not Specified,Software Engineer Senior,Siemens,"Cincinnati, Ohio",False,,https://jobs.sw.siemens.com/cincinnati-oh/software-engineer-senior/599E8C3B8EBB43AEB67C681CDACE1853/job/,Careers | Siemens Digital Industries Software - Siemens
2026-06-23 21:57,Software Engineer,Not Specified,NICE CXone Developer Lead,Capgemini,"Cincinnati, Ohio",False,,https://www.linkedin.com/jobs/view/nice-cxone-developer-lead-at-capgemini-4431741434,LinkedIn
2026-06-23 21:57,Software Engineer,Not Specified,Software Developers,4 Consulting Inc,"Cincinnati, Ohio",False,,https://www.dice.com/job-detail/3fc9ec41-cc51-4084-93e2-e79101ceaf67,Dice
2026-06-23 21:57,Software Engineer,2+ Years,Software Engineer – Azure Application Developer,Avanade,"Cincinnati, Ohio",False,"$76,000 – $104,000",https://www.indeed.com/viewjob?jk=30381f49041245cf,Indeed
2026-06-23 21:57,Software Engineer,Not Specified,"Software Engineer, Data Infrastructure",Scale AI,"Washington, District of Columbia",False,,https://www.linkedin.com/jobs/view/software-engineer-data-infrastructure-at-scale-ai-4431746998,LinkedIn
2026-06-23 21:57,Software Engineer,Not Specified,Software Engineer Intermediate,Everforth ECS,"Washington, District of Columbia",False,"$125,000 – $165,000",https://www.indeed.com/viewjob?jk=19002b421c2c6788,Indeed
2026-06-23 21:57,Software Engineer,Not Specified,"Software Engineer, Platform Engineering",Helsing,"Washington, District of Columbia",False,,https://www.linkedin.com/jobs/view/software-engineer-platform-engineering-at-helsing-4426879703,LinkedIn
2026-06-23 21:57,Software Engineer,Not Specified,Sr Lead Software Engineer (Full Stack),Capital One,"McLean, Virginia",False,,https://www.capitalonecareers.com/job/mclean/sr-lead-software-engineer-full-stack/1732/96207278848,Capital One Career
2026-06-23 21:57,Software Engineer,Not Specified,"Software Engineer, Rust",Helsing,"Washington, District of Columbia",False,,https://www.linkedin.com/jobs/view/software-engineer-rust-at-helsing-4426874702,LinkedIn
2026-06-23 21:57,Software Engineer,Not Specified,Software Engineer,Soft Tech Consulting,"Suitland-Silver Hill, Maryland",False,,https://www.indeed.com/viewjob?jk=f4800b1bd1be70d9,Indeed
2026-06-23 21:57,Software Engineer,Entry Level,Entry-Level Software Engineer,Leidos,"Alexandria, Virginia",False,,https://www.whatjobs.com/jobs/entry-level-software-engineer/alexandria-virginia?id=2821744500,WhatJobs
2026-06-23 21:57,Software Engineer,Entry Level,Junior Software Engineer,DocMe360,"Arlington, Virginia",False,$60 – $85,"https://www.ziprecruiter.com/c/DocMe360/Job/Junior-Software-Engineer/-in-Arlington,VA?jid=9e102fbc86ea5009",ZipRecruiter
2026-06-23 21:57,Software Engineer,Not Specified,"NCBI Software Developer (C++, Python)",Ariadne,"Bethesda, Maryland",False,,https://www.linkedin.com/jobs/view/ncbi-software-developer-c%2B%2B-python-at-ariadne-4432269428,LinkedIn
2026-06-23 21:57,Software Engineer,Not Specified,C/C++ Software Developer,Ariadne,"Bethesda, Maryland",False,,https://www.linkedin.com/jobs/view/c-c%2B%2B-software-developer-at-ariadne-4432255669,LinkedIn
2026-06-23 21:57,Software Engineer,Not Specified,AI/ML Software Developer,InterImage,"Arlington, Virginia",False,"$85,000 – $130,000",https://www.indeed.com/viewjob?jk=d22e8fddf5560117,Indeed
2026-06-23 21:57,Software Engineer,Not Specified,Python Software Developer,MANTECH,"Herndon, Virginia",False,,https://www.linkedin.com/jobs/view/python-software-developer-at-mantech-4429422988,LinkedIn
2026-06-23 21:57,Software Engineer,Not Specified,Software Developer Jobs,Gridiron IT Solutions,"Bethesda, Maryland",False,"$109,000 – $220,000",https://www.clearancejobs.com/jobs/8920805/software-developer,Clearance Jobs
2026-06-23 21:57,Software Engineer,Not Specified,Software Engineer - TS/SCI + CI Polygraph Required,cFocus Software Incorporated,"Washington, District of Columbia",False,,https://www.linkedin.com/jobs/view/software-engineer-ts-sci-%2B-ci-polygraph-required-at-cfocus-software-incorporated-4427375141,LinkedIn
2026-06-23 21:57,Software Engineer,Not Specified,Software Engineer - Full Stack Developer,Integrity Defense Solutions Inc,"Arlington, Virginia",False,,"https://www.ziprecruiter.com/c/Integrity-Defense-Solutions-Inc/Job/Software-Engineer-Full-Stack-Developer/-in-Arlington,VA?jid=b640e7598bdb71ff",ZipRecruiter
2026-06-23 21:57,Software Engineer,Not Specified,Software Developer II - Web Application,GAMA-1 Technologies,"Greenbelt, Maryland",False,,https://www.linkedin.com/jobs/view/software-developer-ii-web-application-at-gama-1-technologies-4428220288,LinkedIn
2026-06-23 21:57,Data Engineer,Not Specified,Lead Data Engineer,Wells Fargo,"Columbus, Ohio",False,,https://www.wellsfargojobs.com/fr-ca/jobs/r-552081/lead-data-engineer/,Wells Fargo
2026-06-23 21:57,Data Engineer,Not Specified,"Data Engineer: Modern Data Platforms (Azure, Fabric)",Kimball Midwest,"Columbus, Ohio",False,"$90,000 – $120,000",https://www.jobleads.com/us/job/data-engineer-modern-data-platforms-azure-fabric--columbus--e1eb65ecb50ec8af636cbfdc0a987887b,JobLeads
2026-06-23 21:57,Data Engineer,Not Specified,Senior Data Engineer,Marathon Petroleum Corporation,"Findlay, Ohio",False,,https://www.linkedin.com/jobs/view/senior-data-engineer-at-marathon-petroleum-corporation-4419974628,LinkedIn
2026-06-23 21:57,Data Engineer,Not Specified,"Senior Data Engineer - Hybrid/Remote, Snowflake & AWS",Kemper,,False,,https://www.talent.com/view?id=624808405323094992,Talent.com
2026-06-23 21:57,Data Engineer,Not Specified,"Lead Data Engineer, Bank Tech at Capital One Delaware, OH",Capital One,"Delaware, Ohio",False,,https://tietalent.com/app/en/jobs/p-865044232/delaware-lead-data-engineer-bank-tech-at-capital-one-delaware-oh,TieTalent
2026-06-23 21:57,Data Engineer,Not Specified,Data Engineer Hybrid: Pipelines & Analytics,Crown Equipment,"New Bremen, Ohio",False,,https://www.talent.com/view?id=624692517877193680,Talent.com
2026-06-23 21:57,Data Engineer,Not Specified,Data Engineer II,Core and Main,Ohio,False,,https://jobs.coreandmain.com/job/Core-Main-Data-Engineer-II---IXVQD8DwWD6OoyOAL7rTa,Core And Main Careers
2026-06-23 21:57,Data Engineer,Not Specified,Data Engineer (Lead),confidential,"Columbus, Ohio",False,,https://www.apexsystems.com/job/3030434_usa/data-engineer-lead,Apex Systems
2026-06-23 21:57,Data Engineer,Not Specified,Senior Data Engineer,Randstad USA,"Cleveland, Ohio",False,"$190,000 – $200,000",https://www.randstadusa.com/jobs/4/1327985/senior-data-engineer_cleveland/,Randstad USA
2026-06-23 21:57,Data Engineer,Not Specified,Managed Services - Data Engineer - Experienced Associate,PwC,"St Bernard, Ohio",False,,https://www.adzuna.com/details/5771310395,Adzuna
2026-06-23 21:58,Data Engineer,Not Specified,Project - Data Engineer,Deloitte,"Cincinnati, Ohio",False,,https://jobsus.deloitte.com/cincinnati-oh/project-data-engineer/A06383E7FBD8458D9CC44D71D9B1E116/job/,Jobs - Deloitte
2026-06-23 21:58,Data Engineer,Entry Level,Junior Data Engineer,"Medpace, Inc.","Cincinnati, Ohio",False,,https://careers.medpace.com/careers/jobs/12454,Medpace Careers
2026-06-23 21:58,Data Engineer,Not Specified,Cloudera NiFi Data Engineer: ETL & Pipeline Optimizer,Eliassen Group,"Cincinnati, Ohio",False,,https://www.talent.com/view?id=625134948990322647,Talent.com
2026-06-23 21:58,Data Engineer,Not Specified,Data Engineer (AI) - Cincinnati,"Medpace, Inc.","Cincinnati, Ohio",False,,https://careers.medpace.com/careers/jobs/12786,Medpace Careers
2026-06-23 21:58,Data Engineer,Not Specified,Azure Databricks Data Engineer | ETL & Data Lakehouse,CloudIngest,"Cincinnati, Ohio",False,,https://www.jobleads.com/us/job/azure-databricks-data-engineer-etl-data-lakehouse--cincinnati--ed32b9c95507a3dfd2d42295b18926fe6,JobLeads
2026-06-23 21:58,Data Engineer,Entry Level,"Data Engineer I: BI, ETL & Snowflake Specialist",Medpace,"Cincinnati, Ohio",False,,https://www.whatjobs.com/jobs/data-engineer-i-bi-etl/cincinnati-ohio?id=2828591586,WhatJobs
2026-06-23 21:58,Data Engineer,Not Specified,Databricks Data Engineer - Senior - Consulting - Location OPEN,EY,"Cincinnati, Ohio",False,,https://www.linkedin.com/jobs/view/databricks-data-engineer-senior-consulting-location-open-at-ey-4426422752,LinkedIn
2026-06-23 21:58,Data Engineer,Not Specified,Data Engineer (AWS Redshift/Python),Capgemini,"Cincinnati, Ohio",False,$34 – $54,https://www.indeed.com/viewjob?jk=2522a67f157402a5,Indeed
2026-06-23 21:58,Data Engineer,Not Specified,Senior Data Engineer: Build Scalable Pipelines,AMEND Consulting,"Cincinnati, Ohio",False,,https://us.trabajo.org/job-5632-77427f084d084beacb16611e2f37c249,Trabajo.org
2026-06-23 21:58,Data Engineer,Not Specified,Data Engineer III / / ONSITE Cincinnati,Hudson IT,"Cincinnati, Ohio",False,,https://www.dice.com/job-detail/41833f8e-3670-42e4-9e87-363759c95f50,Dice
2026-06-23 21:58,Data Engineer,Not Specified,ETL Data Analyst,"Navtech, Inc.","Cincinnati, Ohio",False,,"https://www.ziprecruiter.com/c/Navtech/Job/ETL-Data-Analyst/-in-Cincinnati,OH?jid=ea73cefe06c808f2",ZipRecruiter
2026-06-23 21:58,Data Engineer,Not Specified,ETL- DEVELOPER : Fifth Third Bank,ShiftCode Analytics,"Cincinnati, Ohio",False,,https://lensa.com/job-v1/shiftcode-analytics/cincinnati-oh/etl-developer/236cffef778cc8874ca9d92967926865,Lensa
2026-06-23 21:58,Data Engineer,Not Specified,Data Management Engineer II” ETL / IICS Developer,Deloitte,"Cincinnati, Ohio",False,,https://jobsus.deloitte.com/cincinnati-oh/data-management-engineer-ii-etl-iics-developer/8CE51898EE864EB68070CF8EB2B0D5C0/job/,Jobs - Deloitte
2026-06-23 21:58,Data Engineer,Not Specified,Lead ETL Developer Jobs in Cincinnati,Cosmoquick,"Cincinnati, Ohio",False,,https://cosmoquick.com/jobs-in/cincinnati/jobs-etl-developer/lead,Cosmoquick
2026-06-23 21:58,Data Engineer,Not Specified,Data Warehouse ETL Engineer IICS,Perfict,"Cincinnati, Ohio",False,,https://us.trabajo.org/job-5632-8a37687755073a7ab7047c8ed749846a,Trabajo.org
2026-06-23 21:58,Data Engineer,Not Specified,Data Engineer - ETL and SQL expertise 🏆,BC Forward,"Cincinnati, Ohio",False,,https://devitjobs.com/jobs/BC-Forward-Data-Engineer---ETL-and-SQL-expertise,DevITjobs
2026-06-23 21:58,Data Engineer,Not Specified,Data Engineer,System One,"Fairfield, Ohio",False,,https://www.linkedin.com/jobs/view/data-engineer-at-system-one-4432262761,LinkedIn
2026-06-23 21:58,Data Engineer,Not Specified,Remote Python Data Engineer — ETL & Data Migration,Insight Global,,True,"$80,000 – $110,000",https://www.jobleads.com/us/job/remote-python-data-engineer-etl-data-migration--cincinnati--ea5c1a20e51f6372932f807fafaa0540c,JobLeads
2026-06-23 21:58,Data Engineer,Not Specified,Data Integration & ETL QA Engineer II,Western & Southern Financial Group,"Cincinnati, Ohio",False,,https://jooble.org/jdp/-684977317476190675,Jooble
2026-06-23 21:58,Data Engineer,Not Specified,Lead ETL Test Lead,Saxon Global Inc.,"Cincinnati, Ohio",False,,https://www.dice.com/job-detail/ada2a98f-6be1-4ae1-8968-a0667cf0d2a4,Dice
2026-06-23 21:58,Data Engineer,Entry Level,Data Engineer - Databricks,Dexian,"Washington, District of Columbia",False,,"https://www.ziprecruiter.com/c/Dexian/Job/Data-Engineer-Databricks/-in-Washington,DC?jid=d40df04c40a649b5",ZipRecruiter
2026-06-23 21:58,Data Engineer,Not Specified,Data & AI Lead Engineer - (Databricks Professional) - Remote - 90407740 - Washington,Amtrak,"Washington, District of Columbia",False,,https://careers.amtrak.com/job/Washington-Data-&-AI-Lead-Engineer-%28Databricks-Professional%29-Remote-90407740-Washington-DC-20001/1383337600/,Amtrak Careers
2026-06-23 21:58,Data Engineer,2+ Years,Data Engineer (Power BI),CACI,,False,,https://searchcareers.caci.com/careers/job/1443151117813,CACI
2026-06-23 21:58,Data Engineer,Not Specified,ETL Data Engineer,The Brite Group,"Washington, District of Columbia",False,,https://www.indeed.com/viewjob?jk=fe78f33c762c5143,Indeed
2026-06-23 21:58,Data Engineer,Not Specified,Data Engineer Senior Analyst,Accenture Federal Services,"Arlington, Virginia",False,,https://www.linkedin.com/jobs/view/data-engineer-senior-analyst-at-accenture-federal-services-4361158019,LinkedIn
2026-06-23 21:58,Data Engineer,Not Specified,Senior Lead Data Engineer (Enterprise Platforms Technology),Capital One,"McLean, Virginia",False,,https://www.capitalonecareers.com/job/mclean/senior-lead-data-engineer-enterprise-platforms-technology/1732/93225976688,Capital One Career
2026-06-23 21:58,Data Engineer,Not Specified,"Manager, Data Engineering",Mastercard,"Arlington, Virginia",False,,https://careers.mastercard.com/us/en/job/R-280546/Manager-Data-Engineering,Mastercard
2026-06-23 21:58,Data Engineer,Not Specified,"Real World Data Linkage Engineer, Lead",Booz Allen Hamilton,"Washington, District of Columbia",False,,https://www.linkedin.com/jobs/view/real-world-data-linkage-engineer-lead-at-booz-allen-hamilton-4413280170,LinkedIn
2026-06-23 21:58,Data Engineer,Not Specified,Senior Civic Data Engineer — Remote,Murmuration,"Washington, District of Columbia",False,"$163,000 – $188,000",https://www.jobleads.com/us/job/senior-civic-data-engineer-remote--washington--e561bf751aa316540160679af6ef627ae,JobLeads
2026-06-23 21:58,Data Engineer,Not Specified,Data Engineer-Washington DC,Serco,"Washington, District of Columbia",False,,https://lensa.com/job-v1/serco/washington-dc/data-engineer/8cc824fd8d74eabd84f609ac8c131526,Lensa
2026-06-23 21:58,Data Engineer,Not Specified,ETL Developer  (TS/SCI with Poly is required),Aperio Global,"McLean, Virginia",False,,https://www.linkedin.com/jobs/view/etl-developer-ts-sci-with-poly-is-required-at-aperio-global-4430103785,LinkedIn
2026-06-23 21:58,Data Engineer,Not Specified,Principal ETL Developer,Leidos,"Bethesda, Maryland",False,,https://careers.leidos.com/jobs/17244365-principal-etl-developer,Leidos Careers
2026-06-23 21:58,Data Engineer,Entry Level,"Junior ETL Developer :: Washington, DC (Remote)","ARK Solutions, Inc.",,True,,https://www.monster.com/job-openings/junior-etl-developer-washington-dc-remote-washington-dc--7e650648-190c-42f3-9215-311f02fddbb7,Monster
2026-06-23 21:58,Data Engineer,Not Specified,Remote ETL Developer Jobs in Washington DC,Cosmoquick,,True,,https://cosmoquick.com/remote-jobs-in/washington-dc/remote-etl-developer,Cosmoquick
2026-06-23 21:58,Data Engineer,Not Specified,ETL Developer with SQL and Data Integration 🏆,Apexon,"Washington, District of Columbia",False,"$105,000 – $135,000",https://devitjobs.com/jobs/Apexon-ETL-Developer-with-SQL-and-Data-Integration,DevITjobs
2026-06-23 21:58,Data Engineer,2+ Years,Senior ETL Developer,J2B Global,"College Park, Maryland",False,"$140,000 – $150,000",https://www.indeed.com/viewjob?jk=63048dd48bc94843,Indeed
2026-06-23 21:58,Data Engineer,Not Specified,Local or Nearby Urgent Need Sr ETL Developer,USM,"Washington, District of Columbia",False,,"https://www.ziprecruiter.com/c/USM/Job/Local-or-Nearby-Urgent-Need-Sr-ETL-Developer/-in-Washington,DC?jid=8837da028e7940da",ZipRecruiter
2026-06-23 21:58,Data Engineer,Not Specified,ETL Software Engineer,Booz Allen Hamilton,"McLean, Virginia",False,,https://www.linkedin.com/jobs/view/etl-software-engineer-at-booz-allen-hamilton-4423032404,LinkedIn
2026-06-23 21:58,Data Engineer,Not Specified,ETL Developer,"Navtech, Inc.","Rockville, Maryland",False,,"https://www.ziprecruiter.com/c/Navtech/Job/ETL-Developer/-in-Potomac,MD?jid=33584a2878ad5083",ZipRecruiter
2026-06-23 21:58,Data Engineer,Not Specified,ETL Developer,Dynanet Corporation,"Washington, District of Columbia",False,,https://recruiting.paylocity.com/recruiting/jobs/Details/4044570/Dynanet-Corporation/ETL-Developer,Paylocity
2026-06-23 21:58,Data Analyst,Not Specified,Data Analyst,Cleveland Clinic,"Cleveland, Ohio",False,,https://jobs.clevelandclinic.org/job/23520473/data-analyst-cleveland-oh/,Cleveland Clinic Careers
2026-06-23 21:58,Data Analyst,Not Specified,Data Analyst - Digital Commerce,Solomon Page,"Columbus, Ohio",False,,https://www.linkedin.com/jobs/view/data-analyst-digital-commerce-at-solomon-page-4428957529,LinkedIn
2026-06-23 21:58,Data Analyst,Not Specified,Data Analyst III,Apex Systems,"Cleveland, Ohio",False,,https://vacancies.cu-fc.com/jobs/data-analyst-iii-cleveland-ohio/2834054465-2/,Vacancies For Col U Fans
2026-06-23 21:58,Data Analyst,Not Specified,Strategic Marketing Data Analyst: Insights for Growth,Kimball Midwest,"Columbus, Ohio",False,,https://jobs.fox8.com/jobs/strategic-marketing-data-analyst-insights-for-growth-columbus-ohio/2831585046-2/,FOX8 Jobs
2026-06-23 21:58,Data Analyst,New Grad,Data Analyst,Robert Half,"Enon, Ohio",False,$19 – $22,https://www.roberthalf.com/us/en/job/enon-oh/data-analyst/03370-9504352028-usen,Robert Half
2026-06-23 21:58,Data Analyst,Not Specified,Quality Improvement Data Analyst,Crossroads Health Ohio,"Mentor, Ohio",False,,https://www.linkedin.com/jobs/view/quality-improvement-data-analyst-at-crossroads-health-ohio-4430128292,LinkedIn
2026-06-23 21:58,Data Analyst,Not Specified,"Data Analyst, Data Analytics",Cardinal Health,Ohio,False,"$80,900 – $116,000",https://www.indeed.com/viewjob?jk=cf24131aea24b068,Indeed
2026-06-23 21:58,Data Analyst,Not Specified,Data & Analytics Enablement Analyst- Center of Excellence Lead,"Citizens Bank, N.A.",,False,,https://jobs.citizensbank.com/job/columbus/data-and-analytics-enablement-analyst-center-of-excellence-lead/288/93115956816,Careers At Citizens Bank
2026-06-23 21:58,Data Analyst,Not Specified,Research Data Analyst 1,Case Western Reserve University,Ohio,False,,https://careers.nationalpostdoc.org/job/research-data-analyst-1/84510939/,National Postdoctoral Association Career Center
2026-06-23 21:58,Data Analyst,Not Specified,Business/Data Analyst,Horizontal Talent,"Brooklyn, Ohio",False,,https://www.horizontaltalent.com/job-board/74992,Horizontal Talent
2026-06-23 21:58,Data Analyst,Not Specified,Senior IT Business Application Analyst – (JD Edwards- Distribution),Worthington Enterprises,"Columbus, Ohio",False,,https://www.linkedin.com/jobs/view/senior-it-business-application-analyst-%E2%80%93-jd-edwards-distribution-at-worthington-enterprises-4432055297,LinkedIn
2026-06-23 21:58,Data Analyst,Not Specified,Senior Business Analyst / Product Owner,Olik Global,Ohio,False,,https://www.linkedin.com/jobs/view/senior-business-analyst-product-owner-at-olik-global-4432009783,LinkedIn
2026-06-23 21:58,Data Analyst,Not Specified,Business Analyst Advanced,Robert Half,"Columbus, Ohio",False,$55 – $60,https://www.roberthalf.com/us/en/job/columbus-oh/business-analyst-advanced/04839-0013451141-usen,Robert Half
2026-06-23 21:58,Data Analyst,Not Specified,"Consultant, Strategy and Business Analytics",Cardinal Health,"Dublin, Ohio",False,,https://www.linkedin.com/jobs/view/consultant-strategy-and-business-analytics-at-cardinal-health-4429407388,LinkedIn
2026-06-23 21:58,Data Analyst,Not Specified,Business Analyst - Enterprise Applications,Samsonite Company Stores Inc,"Mansfield, Ohio",False,,https://jobs.fox8.com/jobs/business-analyst-enterprise-applications-mansfield-ohio/2831586499-2/,FOX8 Jobs
2026-06-23 21:58,Data Analyst,Not Specified,"Analyst, End User Client (Business Applications)#: 37365891",Brooksource,"Dublin, Ohio",False,,https://jobs.brooksource.com/jobs/job/a1wcv000000ietheae-analyst-end-user-client-business-applications-37365891-dublin-ohio/,Brooksource
2026-06-23 21:58,Data Analyst,Not Specified,In-Office Columbus: Business Analyst II Process & Systems,Huntington Bank,"Columbus, Ohio",False,,https://jobs.fox8.com/jobs/in-office-columbus-business-analyst-ii-process-systems-columbus-ohio/2831585554-2/,FOX8 Jobs
2026-06-23 21:58,Data Analyst,Not Specified,Business Analyst,Covetrus,"Canal Winchester, Ohio",False,,https://www.linkedin.com/jobs/view/business-analyst-at-covetrus-4428267049,LinkedIn
2026-06-23 21:58,Data Analyst,Not Specified,Technical Business Analyst (Remote),GovCIO,"Cleveland, Ohio",False,,https://vacancies.cu-fc.com/jobs/technical-business-analyst-remote-cleveland-ohio/2834056846-2/,Vacancies For Col U Fans
2026-06-23 21:58,Data Analyst,Not Specified,Business Analyst,Purple Drive Technologies LLC,"Minerva Park, Ohio",False,,https://www.adzuna.com/details/5772698512,Adzuna
2026-06-23 21:58,Data Analyst,Not Specified,Data Analytics - Operations,U.S. Bank,"Cincinnati, Ohio",False,,https://www.linkedin.com/jobs/view/data-analytics-operations-at-u-s-bank-4431754925,LinkedIn
2026-06-23 21:58,Data Analyst,Not Specified,Multiple Positions - Data Analytics - Operations,U.S. Bank,"Cincinnati, Ohio",False,,https://www.linkedin.com/jobs/view/multiple-positions-data-analytics-operations-at-u-s-bank-4430738051,LinkedIn
2026-06-23 21:58,Data Analyst,Not Specified,Investment Data Analyst,"Fort Washington Investment Advisors, Inc.","Cincinnati, Ohio",False,,https://www.linkedin.com/jobs/view/investment-data-analyst-at-fort-washington-investment-advisors-inc-4428708212,LinkedIn
2026-06-23 21:58,Data Analyst,Not Specified,Process Imporvement Data Analyst II,TQL,"Cincinnati, Ohio",False,"$63,000 – $78,000",https://www.indeed.com/viewjob?jk=f420c394d386ece8,Indeed
2026-06-23 21:58,Data Analyst,Not Specified,Business Intelligence Analyst - Data Engineering,"Medpace, Inc.","Cincinnati, Ohio",False,,https://talent.medpace.com/jobs/12564?lang=en-us,Medpace Careers
2026-06-23 21:58,Data Analyst,Not Specified,Finance Data Analyst Power BI & Automation Leader,Emery Oleochemicals,"Cincinnati, Ohio",False,,https://www.whatjobs.com/jobs/finance-data-analyst-power-bi/cincinnati-ohio?id=2827727886,WhatJobs
2026-06-23 21:58,Data Analyst,Not Specified,Investment Data Analyst II,Western & Southern Financial Group,"Cincinnati, Ohio",False,,https://www.indeed.com/viewjob?jk=7266a70f5a9e8be4,Indeed
2026-06-23 21:58,Data Analyst,Not Specified,Process Improvement Data Analyst,Total Quality Logistics,"Cincinnati, Ohio",False,,https://www.dice.com/job-detail/20013226-d1e5-438b-93dc-11220e62dd0f,Dice
2026-06-23 21:58,Data Analyst,Not Specified,Healthcare BI Analyst: Turn Data into Insights,Cincinnati Children's,"Cincinnati, Ohio",False,"$61,000 – $79,000",https://www.jobleads.com/us/job/healthcare-bi-analyst-turn-data-into-insights--cincinnati--e6158c50963de0415744fdd4a4a235ad0,JobLeads
2026-06-23 21:58,Data Analyst,Not Specified,Senior Business Analyst / Product Owner,Qode,"Cincinnati, Ohio",False,,https://www.indeed.com/viewjob?jk=54045d66b184b76e,Indeed
2026-06-23 21:58,Data Analyst,Not Specified,Senior Business Intelligence Analyst,Cincinnati Children's,"Cincinnati, Ohio",False,,https://www.linkedin.com/jobs/view/senior-business-intelligence-analyst-at-cincinnati-children-s-4430763016,LinkedIn
2026-06-23 21:58,Data Analyst,Entry Level,Junior Business Systems Analyst - Commercial Operations,"Medpace, Inc.","Cincinnati, Ohio",False,,https://careers.medpace.com/jobs/12669?lang=en-us,Medpace Careers
2026-06-23 21:58,Data Analyst,Not Specified,Business Analyst - SAP FICO,Vernovis,"Cincinnati, Ohio",False,,https://www.linkedin.com/jobs/view/business-analyst-sap-fico-at-vernovis-4404395111,LinkedIn
2026-06-23 21:58,Data Analyst,Entry Level,Business Systems Analyst I - ERP Training Developer,Cincinnati Children's,"Cincinnati, Ohio",False,,https://www.linkedin.com/jobs/view/business-systems-analyst-i-erp-training-developer-at-cincinnati-children-s-4430121974,LinkedIn
2026-06-23 21:58,Data Analyst,Not Specified,Business Intelligence Analyst,TQL,"Cincinnati, Ohio",False,,https://careers.tql.com/en_US/TQLexternalcareers/JobDetail/United-States-Business-Intelligence-Analyst/8712,TQL Careers
2026-06-23 21:58,Data Analyst,Not Specified,Senior Analyst - Business Intelligence,Cincinnati Children's Hospital,"Cincinnati, Ohio",False,"$91,520 – $141,856",https://www.indeed.com/viewjob?jk=6a1ccc63f37538c0,Indeed
2026-06-23 21:58,Data Analyst,Not Specified,Core Banking Business Analyst Hybrid in Cincinnati,"Perfict Global, Inc.","Cincinnati, Ohio",False,,https://www.talent.com/view?id=624803341273865084,Talent.com
2026-06-23 21:58,Data Analyst,Entry Level,Entry-Level Business Analyst - Software Development,"Medpace, Inc.","Cincinnati, Ohio",False,,https://careers.medpace.com/jobs/12450?lang=en-us,Medpace Careers
2026-06-23 21:58,Data Analyst,Not Specified,Business Analyst Jobs in Cincinnati,TalnFlo,"Cincinnati, Ohio",False,,https://talnflo.com/engineers/business-analyst/cincinnati,TalnFlo
2026-06-23 21:58,Data Analyst,Not Specified,Data Analyst,United Way Worldwide,"Alexandria, Virginia",False,"$94,000 – $103,000",https://careers.unitedway.org/job/data-analyst-54130,United Way Jobs
2026-06-23 21:58,Data Analyst,Not Specified,Data Analyst – Palantir Foundry - Must be government clearance eligible,Navaide,"Arlington, Virginia",False,,https://www.linkedin.com/jobs/view/data-analyst-%E2%80%93-palantir-foundry-must-be-government-clearance-eligible-at-navaide-4431630120,LinkedIn
2026-06-23 21:58,Data Analyst,Not Specified,Data Analyst,Apex Systems,"Oxon Hill, Maryland",False,,https://www.linkedin.com/jobs/view/data-analyst-at-apex-systems-4429724211,LinkedIn
2026-06-23 21:58,Data Analyst,Not Specified,Data Analyst II (remote),Ryder System,"Washington, District of Columbia",False,,https://jobs.ryder.com/washington-dc/data-analyst-ii-remote/3F824474B79940ABA4D00A9D896834CF/job/,Ryder - Jobs
2026-06-23 21:58,Data Analyst,Not Specified,Data Analyst - Operations,CAVA,"Washington, District of Columbia",False,"$85,000 – $105,000","https://www.ziprecruiter.com/c/Cava-Grill/Job/Data-Analyst-Operations/-in-Washington,DC?jid=6a4bcfe900fd1d4e",ZipRecruiter
2026-06-23 21:58,Data Analyst,Entry Level,Entry Level Data Analyst,Professional Analysis Incorporated,"Washington, District of Columbia",False,,https://www.indeed.com/viewjob?jk=ed78986c6a8589d7,Indeed
2026-06-23 21:58,Data Analyst,Not Specified,Data Analyst Jobs,Cherokee Federal,"Arlington, Virginia",False,,https://www.clearancejobs.com/jobs/8965896/data-analyst,Clearance Jobs
2026-06-23 21:58,Data Analyst,Entry Level,Junior Data Analyst(Active Top Secret Clearance Required),"SiloSmashers, Inc.","Washington, District of Columbia",False,,https://www.linkedin.com/jobs/view/junior-data-analyst-active-top-secret-clearance-required-at-silosmashers-inc-4429700904,LinkedIn
2026-06-23 21:58,Data Analyst,Not Specified,Business Data Analyst -Project Delivery Senior Analyst - AI & Engineering,Deloitte,"Washington, District of Columbia",False,,https://jobsus.deloitte.com/washington-dc/data-analyst-project-delivery-senior-analyst-ai-engineering/8DD135F47CBA4784B48EE2AED9459171/job/,Jobs | Deloitte
2026-06-23 21:58,Data Analyst,Not Specified,Program Data Analytics Lead,CACI,"Washington, District of Columbia",False,,https://searchcareers.caci.com/careers/job/1443150934989,CACI
2026-06-24 11:47,Full Stack Developer,Not Specified,Full Stack .NET Developer,Ringside Talent Acquisition Partners,"Worthington, Ohio",False,,https://us.trabajo.org/job-5632-0b116ef64081b1870f81558b97637f0a,Trabajo.org
2026-06-24 11:47,Full Stack Developer,Not Specified,Java Full Stack Developer Lead,Techstra Solutions,"Bratenahl, Ohio",False,"$120,000 – $150,000",https://www.adzuna.com/details/5769298142,Adzuna
2026-06-24 11:47,Full Stack Developer,Not Specified,Remote Senior Full-Stack Engineer,Synmax,"Columbus, Ohio",False,,https://us.trabajo.org/job-3137-f706d2568c95eb8036306f33df1a18a2,Trabajo.org
2026-06-24 11:47,Full Stack Developer,Not Specified,"Full stack Software Engineer, Senior",Booz Allen Hamilton,"Dayton, Ohio",False,,https://diversityjobs.com/career/17343895/Full-Stack-Software-Engineer-Senior-Ohio-Dayton,Diversity Jobs
2026-06-24 11:47,Full Stack Developer,Not Specified,Full Stack Engineer - Python / Kafka,iO Associates,"Columbus, Ohio",False,,https://www.linkedin.com/jobs/view/full-stack-engineer-python-kafka-at-io-associates-4426605854,LinkedIn
2026-06-24 11:47,Full Stack Developer,Not Specified,Lead Full Stack Engineer - Azure Cloud & AI Tools,FEG,"Cincinnati, Ohio",False,,https://www.whatjobs.com/jobs/lead-full-stack-engineer/cincinnati-ohio?id=2830098435,WhatJobs
2026-06-24 11:47,Full Stack Developer,Not Specified,Full Stack Engineer,Luma Financial Technologies,"Cincinnati, Ohio",False,,https://www.purpose.jobs/discover/companies/luma-financial-technologies-2/jobs/81071588-full-stack-engineer,Purpose Jobs
2026-06-24 11:47,Full Stack Developer,Not Specified,Cyber Full-Stack Software Engineer,Deloitte,"Cincinnati, Ohio",False,,https://jobsus.deloitte.com/cincinnati-oh/cyber-full-stack-software-engineer/952AF36345D74A2B848977A42340CAA8/job/,Jobs - Deloitte
2026-06-24 11:48,Full Stack Developer,Not Specified,Senior Full Stack Java Developer,Synergy ECP,"Washington, District of Columbia",False,,https://www.linkedin.com/jobs/view/senior-full-stack-java-developer-at-synergy-ecp-4432453113,LinkedIn
2026-06-24 11:48,Full Stack Developer,Not Specified,"Principal Full-Stack Engineer, TS/SCI w/ Full Scope Poly",The MITRE Corporation,"Bethesda, Maryland",False,,https://careers.mitre.org/us/en/job/R116830/Principal-Full-Stack-Engineer-TS-SCI-w-Full-Scope-Poly,MITRE Careers
2026-06-24 11:48,Full Stack Developer,Not Specified,Full Stack Developer,ChatGPT Jobs,"Greenbelt, Maryland",False,,https://www.linkedin.com/jobs/view/full-stack-developer-at-chatgpt-jobs-4429490515,LinkedIn
2026-06-24 11:48,Full Stack Developer,Not Specified,Full Stack Developer - CBP Beagle,Amivero,"Camp Springs, Maryland",False,,https://www.linkedin.com/jobs/view/full-stack-developer-cbp-beagle-at-amivero-4431473432,LinkedIn
2026-06-24 11:48,Full Stack Developer,Not Specified,Lead Full Stack Engineer,Two Six Technologies,"Arlington, Virginia",False,"$150,000 – $200,000",https://www.indeed.com/viewjob?jk=81cb1e6d4832af3b,Indeed
2026-06-24 11:48,Software Engineer,Not Specified,"Software Engineer, Foundations",Upstart,"Columbus, Ohio",False,,https://jobs.fox8.com/jobs/software-engineer-foundations-columbus-ohio/2831585535-2/,FOX8 Jobs
2026-06-24 11:48,Software Engineer,Not Specified,OCI Engineer,Tata Consultancy Services,"Columbus, Ohio",False,,https://www.linkedin.com/jobs/view/oci-engineer-at-tata-consultancy-services-4431294042,LinkedIn
2026-06-24 11:48,Software Engineer,Not Specified,Software Engineer | The Synthesizer Jobs,Infinity Labs LLC,"Dayton, Ohio",False,,https://www.clearancejobs.com/jobs/8984280/software-engineer-the-synthesizer,Clearance Jobs
2026-06-24 11:48,Software Engineer,Not Specified,Software Engineer/Principal Software Engineer (AHT),Northrop Grumman,"Beavercreek, Ohio",False,,https://jobs.northropgrumman.com/careers/job/1340071360422,Northrop Grumman
2026-06-24 11:48,Software Engineer,Not Specified,Senior Software Engineer,Wells Fargo,"Columbus, Ohio",False,,https://www.wellsfargojobs.com/en/jobs/r-546058/senior-software-engineer/,Wells Fargo
2026-06-24 11:48,Software Engineer,Not Specified,Java Software Engineer,Synapse Tech Services Inc,"Columbus, Ohio",False,,https://www.linkedin.com/jobs/view/java-software-engineer-at-synapse-tech-services-inc-4427812351,LinkedIn
2026-06-24 11:48,Software Engineer,Not Specified,Staff Software Engineer,GE Aerospace,"Evendale, Ohio",False,,https://careers.geaerospace.com/global/en/job/R5030256/Staff-Software-Engineer,GE Aerospace Careers
2026-06-24 11:48,Software Engineer,Not Specified,"Software Developer, Sr Staff / SAP MDG",Lockheed Martin Corporation,"Cleveland, Ohio",False,,https://jobs.fox8.com/jobs/software-developer-sr-staff-sap-mdg-cleveland-ohio/2834064846-2/,FOX8 Jobs
2026-06-24 11:48,Software Engineer,Not Specified,Senior ABAP Software Developer,Kaav,"Cleveland, Ohio",False,,https://salutemyjob.com/jobs/senior-abap-software-developer-cleveland-ohio/2836506714-2/,SaluteMyJob
2026-06-24 11:48,Software Engineer,Not Specified,Software Developers,4 Consulting Inc,"Mason, Ohio",False,,https://www.dice.com/job-detail/997a1292-c1c2-409b-bfe8-b6a3633fd081,Dice
2026-06-24 11:48,Software Engineer,Not Specified,Software Engineer III,Deloitte,"Cincinnati, Ohio",False,,https://www.linkedin.com/jobs/view/software-engineer-iii-at-deloitte-4432473621,LinkedIn
2026-06-24 11:48,Software Engineer,Not Specified,COBOL Software Developer,Vernovis,"Cincinnati, Ohio",False,,https://www.linkedin.com/jobs/view/cobol-software-developer-at-vernovis-4432454133,LinkedIn
2026-06-24 11:48,Software Engineer,Not Specified,Software Engineer 2- (Java/Spring Boot/DevOps),U.S. Bank National Association,"Cincinnati, Ohio",False,"$98,175 – $115,500",https://www.indeed.com/viewjob?jk=7cce5ef995a51099,Indeed
2026-06-24 11:48,Software Engineer,Not Specified,Software Engineer II - Portal (Front End),Worldpay,"Cincinnati, Ohio",False,"$91,900 – $139,000",https://www.theladders.com/job/software-engineer-ii-portal-front-end-worldpay-cincinnati-oh_87351546,Ladders
2026-06-24 11:48,Software Engineer,Not Specified,Staff Software Engineer,GE Aerospace,"Cincinnati, Ohio",False,,https://www.linkedin.com/jobs/view/staff-software-engineer-at-ge-aerospace-4382325028?refId=OqlKDSLVNxncr6x4IO3lYA%3D%3D&trackingId=dI2lim9ljp2576C0BU5P5A%3D%3D,LinkedIn
2026-06-24 11:48,Software Engineer,Not Specified,"Software Enginner 2 (ePay Developer, Java / Microservices/Cloud)",U.S. Bank,"Cincinnati, Ohio",False,,https://www.linkedin.com/jobs/view/software-enginner-2-epay-developer-java-microservices-cloud-at-u-s-bank-4432492788,LinkedIn
2026-06-24 11:48,Software Engineer,2+ Years,Software Developer (Mid),VT Group (VTG),"Riverdale Park, Maryland",False,,https://www.linkedin.com/jobs/view/software-developer-mid-at-vt-group-vtg-4431264941,LinkedIn
2026-06-24 11:48,Software Engineer,Not Specified,GPU Software Engineer,Leidos,"Arlington, Virginia",False,,https://careers.leidos.com/jobs/17625949-gpu-software-engineer,Leidos Careers
2026-06-24 11:48,Software Engineer,Not Specified,Agentic Software Engineer III,Deloitte,"Arlington, Virginia",False,,https://www.linkedin.com/jobs/view/agentic-software-engineer-iii-at-deloitte-4430147900,LinkedIn
2026-06-24 11:48,Software Engineer,Not Specified,Principal Software Engineer,Leidos,"Bethesda, Maryland",False,,https://careers.leidos.com/jobs/17247244-principal-software-engineer,Leidos Careers
2026-06-24 11:49,Data Engineer,Not Specified,Lead Data Engineer: Build End-to-End Data Solutions,Thoughtworks,Ohio,False,"$100,000 – $130,000",https://www.jobleads.com/us/job/lead-data-engineer-build-end-to-end-data-solutions--lima--e7f601e5ae7ca5948b926598e092188e4,JobLeads
2026-06-24 11:49,Data Engineer,Not Specified,ETL Developer II Data Warehouse & Caboodle Specialist,Kettering Health Network,"Miamisburg, Ohio",False,,https://www.whatjobs.com/jobs/etl-developer-ii-data-warehouse/miamisburg-ohio?id=2828976664,WhatJobs
2026-06-24 11:49,Data Engineer,Not Specified,BI ETL Data Developer II or III,Miami University (Ohio),"Oxford, Ohio",False,,https://jobs.chronicle.com/job/37978765/bi-etl-data-developer-ii-or-iii/,Chronicle Of Higher Education
2026-06-24 11:49,Data Engineer,Entry Level,Entry-Level Data Integration & ETL Developer,eleventy group,"Fairlawn, Ohio",False,,https://www.talent.com/view?id=624133084561287927,Talent.com
2026-06-24 11:49,Data Engineer,Not Specified,ETL Developer,Bowling Green State University,"Bowling Green, Ohio",False,,https://www.indeed.com/viewjob?jk=3630de56c8770831,Indeed
2026-06-24 11:49,Data Engineer,Not Specified,"Technical Specialist 3 - ETL Developer / Database Administrator : City of Columbus,",ShiftCode Analytics,"Columbus, Ohio",False,,https://lensa.com/job-v1/shiftcode-analytics/columbus-oh/technical-specialist-3-etl-developer-database-administrator-city-of-columbus/a6b1af99446f1ac3c0d967d18e4414cf,Lensa
2026-06-24 11:49,Data Engineer,Not Specified,Software Engineer - ETL/Informatica Developer - Military Veterans,PNC Bank,"Cleveland, Ohio",False,,https://my.recruitmilitary.com/job/48846594/Software-Engineer-ETL-Informatica-Developer-PNC-Bank-Cleveland-OH,Jobs For Veterans & Job Fairs Nationwide | RecruitMilitary
2026-06-24 11:49,Data Engineer,Not Specified,Sr. ETL Developer,Absolute IT,"Brecksville, Ohio",False,,https://www.iitjobs.com/job/sr-etl-developer-brecksville-ohio-united-states-352218,Iitjobs
2026-06-24 11:49,Data Engineer,Not Specified,ETL/SSIS Data Engineer,FINARTIX Fintech Solutions S.A.,"Jacksonville, Ohio",False,,https://www.snagajob.com/jobs/1251668374,Snagajob
2026-06-24 11:49,Data Engineer,Entry Level,Lead ETL Developer: DataStage & Python | Snowflake,ETHEREUM TECHNOLOGIES LLC,"Columbus, Ohio",False,,https://www.whatjobs.com/jobs/lead-etl-developer-datastage/columbus-ohio?id=2826033806,WhatJobs
2026-06-24 11:49,Data Engineer,Not Specified,ETL Developer (AB Initio),TechnoConsulting,"Columbus, Ohio",False,,"https://www.ziprecruiter.com/c/TechnoConsulting/Job/ETL-Developer-(AB-Initio)/-in-Columbus,OH?jid=5e9f1d4d118200d2",ZipRecruiter
2026-06-24 11:49,Data Engineer,Not Specified,"Data Engineer (AI) | Medpace, Inc. | Handshake","Medpace, Inc.","Cincinnati, Ohio",False,,https://app.joinhandshake.com/public/jobs/11147068,Handshake
2026-06-24 11:49,Data Engineer,Not Specified,Data Engineer All Levels Crystal City VA,Silverthorne Advisory Group LLC,"Arlington, Virginia",False,,https://lensa.com/job-v1/silverthorne-advisory-group-llc/arlington-va/data-engineer/77dd696cf77cf12ef015fb8f79a82be4,Lensa
2026-06-24 11:49,Data Engineer,Not Specified,Remote Data Engineer with 75-80% travel readiness,TestingXperts,"Washington, District of Columbia",False,,https://www.linkedin.com/jobs/view/remote-data-engineer-with-75-80%25-travel-readiness-at-testingxperts-4432435150,LinkedIn
2026-06-24 11:49,Data Analyst,Not Specified,Data Analyst II,Nationwide Children's Hospital,"Columbus, Ohio",False,,https://www.linkedin.com/jobs/view/data-analyst-ii-at-nationwide-children-s-hospital-4432461016,LinkedIn
2026-06-24 11:49,Data Analyst,Not Specified,Marketing Research Insights Data Analyst,MarketVision Research,"Blue Ash, Ohio",False,,https://jobs.insightsassociation.org/job/marketing-research-insights-data-analyst/84644090/,Insights Association Jobs
2026-06-24 11:50,Data Analyst,Not Specified,"Business Analyst, Regulatory Reporting Solutions (Remote)",CVS Health,Ohio,False,"$43,888 – $102,081",https://www.simplyhired.com/job/AGDtq7R6F1rnc3uezSmcwEpUtSFIQ6wfyMfM9kqSnBZ63UYhtgt74Q,SimplyHired
2026-06-24 11:50,Data Analyst,Entry Level,Entry Level Business Analyst (Remote),National Software Management,"Cleveland, Ohio",False,,https://jobs.fox8.com/jobs/entry-level-business-analyst-remote-cleveland-ohio/2834062604-2/,FOX8 Jobs
2026-06-24 11:50,Data Analyst,Not Specified,Business Analyst in P&C Industry,"Techno-Comp, Inc.","Columbus, Ohio",False,,https://www.dice.com/job-detail/ad3de76f-c3e4-48fb-a4ef-b16cd5ee105b,Dice
2026-06-24 11:50,Data Analyst,Not Specified,Data Analyst: Process Optimization & Automation Expert,Total Quality Logistics,"Cincinnati, Ohio",False,,https://www.whatjobs.com/jobs/data-analyst-process-optimization/cincinnati-ohio?id=2828983001,WhatJobs
2026-06-24 11:50,Data Analyst,Not Specified,Data Analytics - Operations,US Bank,"Cincinnati, Ohio",False,"$75,820 – $89,200","https://www.ziprecruiter.com/c/U.S.-Bank/Job/Data-Analytics-Operations/-in-Cincinnati,OH?jid=99d7f12f159b49e5",ZipRecruiter
2026-06-24 11:50,Data Analyst,Not Specified,Data Analyst with AI,Tata Consultancy Services,"Cincinnati, Ohio",False,"$100,000 – $150,000",https://www.indeed.com/viewjob?jk=8837acdf59de96ca,Indeed
2026-06-24 11:50,Data Analyst,Not Specified,Personal Lines - Data Analyst III,Cincinnati Financial Corp,"Cincinnati, Ohio",False,"$82,000 – $144,000",https://www.monster.com/job-openings/personal-lines-data-analyst-iii-cincinnati-oh--f6daa177-6be0-4bf7-9065-24ffcf0cff3b,Monster
2026-06-24 11:50,Data Analyst,Not Specified,Business Analyst - Infor Syteline,ProMach,"Cincinnati, Ohio",False,,https://www.linkedin.com/jobs/view/business-analyst-infor-syteline-at-promach-4430818233,LinkedIn
2026-06-24 11:50,Data Analyst,Not Specified,"Business Analyst (with Medical Stop Loss Insurance, Self-Funded Self-Insured Health Plan experience)",LTM,"Cincinnati, Ohio",False,"$100,000 – $110,000",https://www.linkedin.com/jobs/view/business-analyst-with-medical-stop-loss-insurance-self-funded-self-insured-health-plan-experience-at-ltm-4429405484,LinkedIn
2026-06-24 11:50,Data Analyst,Not Specified,"Hybrid Business Analyst - Projects, Integrations & Training",MRINetwork,"Cincinnati, Ohio",False,,https://www.whatjobs.com/jobs/hybrid-business-analyst-projects/cincinnati-ohio?id=2831547625,WhatJobs
2026-06-24 11:50,Data Analyst,Not Specified,Information Technology Business Analyst I,Western & Southern Financial Group,"Cincinnati, Ohio",False,,https://www.indeed.com/viewjob?jk=2e50a8c9f19abaca,Indeed
2026-06-24 11:50,Data Analyst,Not Specified,Program/Data Analyst Advisor,GDIT,"Washington, District of Columbia",False,"$124,093 – $143,750","https://www.ziprecruiter.com/c/General-Dynamics-Information-Technology/Job/Program-Data-Analyst-Advisor/-in-Washington,DC?jid=2c7e8c2d8d05e409",ZipRecruiter
2026-06-24 11:50,Data Analyst,2+ Years,Occupational Safety and Health Data Analyst,ERG,"Washington, District of Columbia",False,,https://jobs.lever.co/erg/55e6dfc9-fe22-4dec-80ae-8d4ec6e46b39,Lever
2026-06-24 11:50,Data Analyst,Entry Level,Junior Business Analyst - Active TS/SCI,"ENS Solutions, LLC","Arlington, Virginia",False,,https://www.linkedin.com/jobs/view/junior-business-analyst-active-ts-sci-at-ens-solutions-llc-4432410553,LinkedIn
2026-06-24 11:50,Data Analyst,Not Specified,Lead Business Analyst,Amivero,"Camp Springs, Maryland",False,,https://www.linkedin.com/jobs/view/lead-business-analyst-at-amivero-4431465450,LinkedIn
2026-06-24 11:50,Data Analyst,Not Specified,Sr. Business Analyst,Capital One,"McLean, Virginia",False,,https://www.capitalonecareers.com/job/mclean/sr-business-analyst/1732/96776410224,Capital One Career
2026-06-24 11:50,Data Analyst,Not Specified,Business Process Analyst,BryceTech,"Arlington, Virginia",False,,https://www.linkedin.com/jobs/view/business-process-analyst-at-brycetech-4428967259,LinkedIn
2026-06-24 11:50,Data Analyst,Not Specified,ERP Business Analyst,Office of the Chief Financial Officer (OCFO),"Washington, District of Columbia",False,"$92,664 – $137,565",https://www.governmentjobs.com/careers/dc/jobs/4187146/erp-business-analyst,GovernmentJobs.com
2026-06-24 11:50,Data Analyst,Not Specified,Business Analyst - CRM,"eSolutionsFirst, LLC","McLean, Virginia",False,,https://www.dice.com/job-detail/2e7e0f22-a898-4097-9d0e-ffe196445883,Dice
2026-06-24 11:50,Data Analyst,Not Specified,Business Analyst,Ignite IT,"Suitland-Silver Hill, Maryland",False,,https://www.linkedin.com/jobs/view/business-analyst-at-ignite-it-4430482510,LinkedIn
2026-06-24 11:50,Data Analyst,Not Specified,"Business Analyst I, Global Logistics Domestic First Mile",Amazon.com Services LLC,"Arlington, Virginia",False,"$55,800 – $97,600",https://www.indeed.com/viewjob?jk=72fee0ed53934090,Indeed
2026-06-24 11:50,Data Analyst,Not Specified,Business Analyst Jobs,Nightwing,"Arlington, Virginia",False,,https://www.clearancejobs.com/jobs/8930316/business-analyst,Security Clearance Jobs
2026-06-24 11:50,Data Analyst,Not Specified,Business Analyst – FP&A and Business Partnering,Fluence,"Arlington, Virginia",False,,https://www.linkedin.com/jobs/view/business-analyst-%E2%80%93-fp-a-and-business-partnering-at-fluence-4430745834,LinkedIn
